Name,Address,Contact,Atoll,Google_Maps_URL
STO IGMH Pharmacy,IGMH Hospital Male,+960 334 4242 / +960 334 4243,Kaafu (Male),https://www.google.com/maps/search/?api=1&query=IGMH+Pharmacy+Male+Maldives
STO Henveiru Pharmacy,Henveiru Male,+960 301 2732,Kaafu (Male),https://www.google.com/maps/search/?api=1&query=STO+Henveiru+Pharmacy+Male+Maldives
STO Hulhumale Pharmacy,Hulhumale,+960 301 2652,Kaafu (Hulhumale),https://www.google.com/maps/search/?api=1&query=STO+Pharmacy+Hulhumale+Maldives
STO Villimale Pharmacy,Villimale,+960 301 2722,Kaafu (Male),https://www.google.com/maps/search/?api=1&query=STO+Pharmacy+Villimale+Maldives
ADK Pharmacy 02,Kanbaaisa Rani Hingun Male,+960 332 2834,Kaafu (Male),https://www.google.com/maps/search/?api=1&query=ADK+Pharmacy+Kanbaaisa+Rani+Hingun+Male+Maldives
ADK Pharmacy 03,Raivila Magu Male,+960 332 7642,Kaafu (Male),https://www.google.com/maps/search/?api=1&query=ADK+Pharmacy+Raivila+Magu+Male+Maldives
ADK Pharmacy 05,Maaveyo Magu Male,+960 300 6802,Kaafu (Male),https://www.google.com/maps/search/?api=1&query=ADK+Pharmacy+Maaveyo+Magu+Male+Maldives
ADK Pharmacy 06,Handhuvaree Hingun Male,+960 300 5601,Kaafu (Male),https://www.google.com/maps/search/?api=1&query=ADK+Pharmacy+Handhuvaree+Hingun+Male+Maldives
ADK Pharmacy 10,Huvandhuma Hingun Male,+960 335 0860,Kaafu (Male),https://www.google.com/maps/search/?api=1&query=ADK+Pharmacy+Huvandhuma+Hingun+Male+Maldives
Tablet 02,Hulhuley Hingun Male,+960 339 1816,Kaafu (Male),https://www.google.com/maps/search/?api=1&query=Tablet+Pharmacy+Hulhuley+Hingun+Male+Maldives
Tablet 03,ADK Hospital Ground Floor Sosun Magu Male,+960 330 0387,Kaafu (Male),https://www.google.com/maps/search/?api=1&query=ADK+Hospital+Pharmacy+Sosun+Magu+Male+Maldives
Dial Pharmacy,Orchid Magu Male,+960 332 2283,Kaafu (Male),https://www.google.com/maps/search/?api=1&query=Dial+Pharmacy+Orchid+Magu+Male+Maldives
Advance Medical Pharmacy,Malé,+960 300-7788,Kaafu (Male),https://www.google.com/maps/search/?api=1&query=Advance+Medical+Pharmacy+Male+Maldives
Point Twelve Pharmacy,Malé,+960 332-9165,Kaafu (Male),https://www.google.com/maps/search/?api=1&query=Point+Twelve+Pharmacy+Male+Maldives
ADK Pharmaceutical Supply,Adk Pharmaceutical Supply Male,+960 301 8558,Kaafu (Male),https://www.google.com/maps/search/?api=1&query=ADK+Pharmaceutical+Supply+Male+Maldives
AMDC Pharmacy,M. Misuru-ruvaage Shaariuvarudhee Male 20253,+960 302-5968,Kaafu (Male),https://www.google.com/maps/search/?api=1&query=AMDC+Pharmacy+Male+Maldives
OTC Maldives,M. Saila Izzudhin Magu 1st Floor Male,Not Available,Kaafu (Male),https://www.google.com/maps/search/?api=1&query=OTC+Maldives+Pharmacy+Male
UMC Pharmacy,Malé,+960 333-6774,Kaafu (Male),https://www.google.com/maps/search/?api=1&query=UMC+Pharmacy+Male+Maldives
ICM4 Online Pharmacy (Male),Male City,Not Available,Kaafu (Male),https://www.google.com/maps/search/?api=1&query=ICM4+Pharmacy+Male+Maldives
ICM4 Online Pharmacy (Addu),Addu City,Not Available,Seenu (Addu),https://www.google.com/maps/search/?api=1&query=ICM4+Pharmacy+Addu+City+Maldives
ICM4 Online Pharmacy (Hulhumale),Hulhumale District,+960 777 4222,Kaafu (Hulhumale),https://www.google.com/maps/search/?api=1&query=ICM4+Pharmacy+Hulhumale+Maldives
Health and Glow Pharmacy,M. Nice Dream/Nice Dream Villa Male,+960 332-9413,Kaafu (Male),https://www.google.com/maps/search/?api=1&query=Health+and+Glow+Pharmacy+Male+Maldives
Apple Pharmacy,Male,+960 778 7230,Kaafu (Male),https://www.google.com/maps/search/?api=1&query=Apple+Pharmacy+Male+Maldives
Pharmacon Chemist,Hiri 8 Hulhumale',+960 333-0056,Kaafu (Hulhumale),https://www.google.com/maps/search/?api=1&query=Pharmacon+Chemist+Hulhumale+Maldives
Pharmacon Chemist,H. Roanwest Sandhubaraka Goalhi Male,Not Available,Kaafu (Male),https://www.google.com/maps/search/?api=1&query=Pharmacon+Chemist+Male+Maldives
GREEN Pharmacy,Male,+960 778-8710,Kaafu (Male),https://www.google.com/maps/search/?api=1&query=GREEN+Pharmacy+Male+Maldives
Orange Pharmacy,Malé,+960 979-4050,Kaafu (Male),https://www.google.com/maps/search/?api=1&query=Orange+Pharmacy+Male+Maldives
Getwell Pharmacy,Majeedhee Magu Road Malé,+960 777-6251,Kaafu (Male),https://www.google.com/maps/search/?api=1&query=Getwell+Pharmacy+Male+Maldives
Health & Beauty Pharmacy,Male,+960 300-6596,Kaafu (Male),https://www.google.com/maps/search/?api=1&query=Health+Beauty+Pharmacy+Male+Maldives
Point One Pharmacy,Malé,+960 331-8600,Kaafu (Male),https://www.google.com/maps/search/?api=1&query=Point+One+Pharmacy+Male+Maldives
Point Chemist,Malé,+960 300-5600,Kaafu (Male),https://www.google.com/maps/search/?api=1&query=Point+Chemist+Male+Maldives
Point Thirteen Pharmacy,Malé,+960 332-9165,Kaafu (Male),https://www.google.com/maps/search/?api=1&query=Point+Thirteen+Pharmacy+Male+Maldives
Point Seven Pharmacy,Malé,+960 332-9165,Kaafu (Male),https://www.google.com/maps/search/?api=1&query=Point+Seven+Pharmacy+Male+Maldives
Point Eight Pharmacy,Malé,+960 332-9165,Kaafu (Male),https://www.google.com/maps/search/?api=1&query=Point+Eight+Pharmacy+Male+Maldives
Moonima Chemist 2 (Closed),Lonuziyaarai Magu Male,Not Available,Kaafu (Male),https://www.google.com/maps/search/?api=1&query=Moonima+Chemist+Male+Maldives
Wind Ward Pharmacy 1,M. Vihafaru Muranga Magu Male,Not Available,Kaafu (Male),https://www.google.com/maps/search/?api=1&query=Wind+Ward+Pharmacy+Male+Maldives
Life Care Plus Pharmacy,Hulhumale Lot 10027,Not Available,Kaafu (Hulhumale),https://www.google.com/maps/search/?api=1&query=Life+Care+Plus+Pharmacy+Hulhumale+Maldives
Medcity Pharmacy,Hulhumale Flat 80 03 07,Not Available,Kaafu (Hulhumale),https://www.google.com/maps/search/?api=1&query=Medcity+Pharmacy+Hulhumale+Maldives
Med Silk Pharmacy,Boduthakurufaanu Magu Male,+960 729-2020,Kaafu (Male),https://www.google.com/maps/search/?api=1&query=Med+Silk+Pharmacy+Male+Maldives
USAMA Pharmacy,M. Greenlife Male,+960 333-0076,Kaafu (Male),https://www.google.com/maps/search/?api=1&query=USAMA+Pharmacy+Male+Maldives
Prime Care Investment,Hulhumale,Not Available,Kaafu (Hulhumale),https://www.google.com/maps/search/?api=1&query=Prime+Care+Pharmacy+Hulhumale+Maldives
Hulhumale Hospital Pharmacy,Hulhumale Hospital,+960 335-0037,Kaafu (Hulhumale),https://www.google.com/maps/search/?api=1&query=Hulhumale+Hospital+Pharmacy+Maldives
GKT Pharmacy,Majeedhee Magu Male,+960 332-2987,Kaafu (Male),https://www.google.com/maps/search/?api=1&query=GKT+Pharmacy+Majeedhee+Magu+Male+Maldives
Faith Pharmacy,Asrafee Magu Male,+960 771-5919,Kaafu (Male),https://www.google.com/maps/search/?api=1&query=Faith+Pharmacy+Asrafee+Magu+Male+Maldives
Care Plus Pharmacy,M. Velifaru Shaheed Ali Hungun Male,Not Available,Kaafu (Male),https://www.google.com/maps/search/?api=1&query=Care+Plus+Pharmacy+Male+Maldives
STO Dharumavantha Hospital Pharmacy,Dharumavantha Hospital Male,Not Available,Kaafu (Male),https://www.google.com/maps/search/?api=1&query=Dharumavantha+Hospital+Pharmacy+Male+Maldives
ASCOM 2 Pharmacy,Hulhumale Lot 11389,Not Available,Kaafu (Hulhumale),https://www.google.com/maps/search/?api=1&query=ASCOM+2+Pharmacy+Hulhumale+Maldives
City Pharmacy 4 (AW Pharmaceutical),Commercial Unit C-G-07 Male,Not Available,Kaafu (Male),https://www.google.com/maps/search/?api=1&query=City+Pharmacy+4+Male+Maldives
STO Kulhudhuffushi Pharmacy,Kulhudhuffushi Haa Dhaalu Atoll,Not Available,Haa Dhaalu,https://www.google.com/maps/search/?api=1&query=STO+Pharmacy+Kulhudhuffushi+Maldives
STO Fuvahmulah Pharmacy,Fuvahmulah Gaafu Alifu Atoll,Not Available,Gaafu Alifu,https://www.google.com/maps/search/?api=1&query=STO+Pharmacy+Fuvahmulah+Maldives
STO Gan Regional Hospital Pharmacy,Gan Laamu Atoll,Not Available,Laamu,https://www.google.com/maps/search/?api=1&query=STO+Gan+Hospital+Pharmacy+Maldives
STO Hithadhoo Pharmacy,Hithadhoo Addu City,Not Available,Seenu (Addu),https://www.google.com/maps/search/?api=1&query=STO+Hithadhoo+Pharmacy+Addu+Maldives
STO Maradhoo Pharmacy,Maradhoo Addu City,Not Available,Seenu (Addu),https://www.google.com/maps/search/?api=1&query=STO+Maradhoo+Pharmacy+Addu+Maldives
STO Maafushi Pharmacy,Maafushi Kaafu Atoll,Not Available,Kaafu (Maafushi),https://www.google.com/maps/search/?api=1&query=STO+Maafushi+Pharmacy+Maldives
STO Guraidhoo Pharmacy,Guraidhoo Thaa Atoll,Not Available,Thaa,https://www.google.com/maps/search/?api=1&query=STO+Guraidhoo+Pharmacy+Maldives
STO Thulusdhoo Pharmacy,Thulusdhoo Kaafu Atoll,Not Available,Kaafu (Thulusdhoo),https://www.google.com/maps/search/?api=1&query=STO+Thulusdhoo+Pharmacy+Maldives
STO Hinmafushi Pharmacy,Hinmafushi Kaafu Atoll,Not Available,Kaafu (Hinmafushi),https://www.google.com/maps/search/?api=1&query=STO+Hinmafushi+Pharmacy+Maldives
STO Feridhoo Pharmacy,Feridhoo Alifu Alifu Atoll,Not Available,Alifu Alifu,https://www.google.com/maps/search/?api=1&query=STO+Feridhoo+Pharmacy+Maldives
STO Thoddoo Pharmacy,Thoddoo Alifu Alifu Atoll,Not Available,Alifu Alifu,https://www.google.com/maps/search/?api=1&query=STO+Thoddoo+Pharmacy+Maldives
STO Mathiveri Pharmacy,Mathiveri Alifu Alifu Atoll,Not Available,Alifu Alifu,https://www.google.com/maps/search/?api=1&query=STO+Mathiveri+Pharmacy+Maldives
STO Maalhos Pharmacy,Maalhos Alifu Alifu Atoll,Not Available,Alifu Alifu,https://www.google.com/maps/search/?api=1&query=STO+Maalhos+Pharmacy+Maldives
STO Himandhoo Pharmacy,Himandhoo Alifu Alifu Atoll,Not Available,Alifu Alifu,https://www.google.com/maps/search/?api=1&query=STO+Himandhoo+Pharmacy+Maldives
STO Bodufolhudhoo Pharmacy,Bodufolhudhoo Alifu Alifu Atoll,Not Available,Alifu Alifu,https://www.google.com/maps/search/?api=1&query=STO+Bodufolhudhoo+Pharmacy+Maldives
STO Ukulhas Pharmacy,Ukulhas Alifu Alifu Atoll,Not Available,Alifu Alifu,https://www.google.com/maps/search/?api=1&query=STO+Ukulhas+Pharmacy+Maldives
STO Eydhafushi Pharmacy,Eydhafushi Baa Atoll,Not Available,Baa,https://www.google.com/maps/search/?api=1&query=STO+Eydhafushi+Pharmacy+Maldives
STO Dharavandhoo Pharmacy,Dharavandhoo Baa Atoll,Not Available,Baa,https://www.google.com/maps/search/?api=1&query=STO+Dharavandhoo+Pharmacy+Maldives
STO Kudarikilu Pharmacy,Kudarikilu Baa Atoll,Not Available,Baa,https://www.google.com/maps/search/?api=1&query=STO+Kudarikilu+Pharmacy+Maldives
STO Kamadhoo Pharmacy,Kamadhoo Baa Atoll,Not Available,Baa,https://www.google.com/maps/search/?api=1&query=STO+Kamadhoo+Pharmacy+Maldives
STO Dhonfanu Pharmacy,Dhonfanu Baa Atoll,Not Available,Baa,https://www.google.com/maps/search/?api=1&query=STO+Dhonfanu+Pharmacy+Maldives
STO Fulhadhoo Pharmacy,Fulhadhoo Baa Atoll,Not Available,Baa,https://www.google.com/maps/search/?api=1&query=STO+Fulhadhoo+Pharmacy+Maldives
STO Dhangethi Pharmacy,Dhangethi Alifu Dhaalu Atoll,Not Available,Alifu Dhaalu,https://www.google.com/maps/search/?api=1&query=STO+Dhangethi+Pharmacy+Maldives
STO Digurah Pharmacy,Digurah Alifu Dhaalu Atoll,Not Available,Alifu Dhaalu,https://www.google.com/maps/search/?api=1&query=STO+Digurah+Pharmacy+Maldives
STO Funadhoo Pharmacy,Funadhoo Shaviyani Atoll,Not Available,Shaviyani,https://www.google.com/maps/search/?api=1&query=STO+Funadhoo+Pharmacy+Maldives
STO Miladhoo Pharmacy,Miladhoo Shaviyani Atoll,Not Available,Shaviyani,https://www.google.com/maps/search/?api=1&query=STO+Miladhoo+Pharmacy+Maldives
STO Maroshi Pharmacy,Maroshi Shaviyani Atoll,Not Available,Shaviyani,https://www.google.com/maps/search/?api=1&query=STO+Maroshi+Pharmacy+Maldives
STO Goidhoo Pharmacy,Goidhoo Shaviyani Atoll,Not Available,Shaviyani,https://www.google.com/maps/search/?api=1&query=STO+Goidhoo+Pharmacy+Maldives
STO Kaditheemu Pharmacy,Kaditheemu Shaviyani Atoll,Not Available,Shaviyani,https://www.google.com/maps/search/?api=1&query=STO+Kaditheemu+Pharmacy+Maldives
STO Bilehfahi Pharmacy,Bilehfahi Shaviyani Atoll,Not Available,Shaviyani,https://www.google.com/maps/search/?api=1&query=STO+Bilehfahi+Pharmacy+Maldives
STO Noomara Pharmacy,Noomara Shaviyani Atoll,Not Available,Shaviyani,https://www.google.com/maps/search/?api=1&query=STO+Noomara+Pharmacy+Maldives
STO Feevah Pharmacy,Feevah Shaviyani Atoll,Not Available,Shaviyani,https://www.google.com/maps/search/?api=1&query=STO+Feevah+Pharmacy+Maldives
STO Komandoo Pharmacy,Komandoo Shaviyani Atoll,Not Available,Shaviyani,https://www.google.com/maps/search/?api=1&query=STO+Komandoo+Pharmacy+Maldives
STO Lhaimagu Pharmacy,Lhaimagu Shaviyani Atoll,Not Available,Shaviyani,https://www.google.com/maps/search/?api=1&query=STO+Lhaimagu+Pharmacy+Maldives
STO Madifushi Pharmacy,Madifushi Thaa Atoll,Not Available,Thaa,https://www.google.com/maps/search/?api=1&query=STO+Madifushi+Pharmacy+Maldives
STO Kinbidhoo Pharmacy,Kinbidhoo Thaa Atoll,Not Available,Thaa,https://www.google.com/maps/search/?api=1&query=STO+Kinbidhoo+Pharmacy+Maldives
STO Dhiyamigili Pharmacy,Dhiyamigili Thaa Atoll,Not Available,Thaa,https://www.google.com/maps/search/?api=1&query=STO+Dhiyamigili+Pharmacy+Maldives
STO Omadhoo Pharmacy,Omadhoo Thaa Atoll,Not Available,Thaa,https://www.google.com/maps/search/?api=1&query=STO+Omadhoo+Pharmacy+Maldives
STO Vandhoo Pharmacy,Vandhoo Thaa Atoll,Not Available,Thaa,https://www.google.com/maps/search/?api=1&query=STO+Vandhoo+Pharmacy+Maldives
STO Rasdhoo Pharmacy,Rasdhoo Alifu Alifu Atoll,Not Available,Alifu Alifu,https://www.google.com/maps/search/?api=1&query=STO+Rasdhoo+Pharmacy+Maldives
STO Kolamaafushi Pharmacy,Kolamaafushi Gaafu Alifu Atoll,Not Available,Gaafu Alifu,https://www.google.com/maps/search/?api=1&query=STO+Kolamaafushi+Pharmacy+Maldives
STO Nilandhoo Pharmacy,Nilandhoo Gaafu Alifu Atoll,Not Available,Gaafu Alifu,https://www.google.com/maps/search/?api=1&query=STO+Nilandhoo+Pharmacy+Maldives
STO Gulhi Pharmacy,Gulhi Kaafu Atoll,Not Available,Kaafu (Gulhi),https://www.google.com/maps/search/?api=1&query=STO+Gulhi+Pharmacy+Maldives
STO Feydhoo Pharmacy,Feydhoo Shaviyani Atoll,Not Available,Shaviyani,https://www.google.com/maps/search/?api=1&query=STO+Feydhoo+Pharmacy+Maldives
STO Meedhoo Pharmacy,Meedhoo Shaviyani Atoll,Not Available,Shaviyani,https://www.google.com/maps/search/?api=1&query=STO+Meedhoo+Pharmacy+Maldives
STO Maduvvari Pharmacy,Maduvvari Raa Atoll,Not Available,Raa,https://www.google.com/maps/search/?api=1&query=STO+Maduvvari+Pharmacy+Maldives
STO Manadhoo Pharmacy,Manadhoo Noonu Atoll,Not Available,Noonu,https://www.google.com/maps/search/?api=1&query=STO+Manadhoo+Pharmacy+Maldives
STO Velidhoo Pharmacy,Velidhoo Noonu Atoll,Not Available,Noonu,https://www.google.com/maps/search/?api=1&query=STO+Velidhoo+Pharmacy+Maldives
STO Kudafaree Pharmacy,Kudafaree Noonu Atoll,Not Available,Noonu,https://www.google.com/maps/search/?api=1&query=STO+Kudafaree+Pharmacy+Maldives
STO Fohdhoo Pharmacy,Fohdhoo Noonu Atoll,Not Available,Noonu,https://www.google.com/maps/search/?api=1&query=STO+Fohdhoo+Pharmacy+Maldives
STO Kendhikulhudhoo Pharmacy,Kendhikulhudhoo Noonu Atoll,Not Available,Noonu,https://www.google.com/maps/search/?api=1&query=STO+Kendhikulhudhoo+Pharmacy+Maldives
STO Henbadhoo Pharmacy,Henbadhoo Noonu Atoll,Not Available,Noonu,https://www.google.com/maps/search/?api=1&query=STO+Henbadhoo+Pharmacy+Maldives
STO Landhoo Pharmacy,Landhoo Noonu Atoll,Not Available,Noonu,https://www.google.com/maps/search/?api=1&query=STO+Landhoo+Pharmacy+Maldives
STO Lhohi Pharmacy,Lhohi Noonu Atoll,Not Available,Noonu,https://www.google.com/maps/search/?api=1&query=STO+Lhohi+Pharmacy+Maldives
STO Thinadhoo Pharmacy (Vaavu),Thinadhoo Vaavu Atoll,Not Available,Vaavu,https://www.google.com/maps/search/?api=1&query=STO+Thinadhoo+Pharmacy+Vaavu+Maldives
STO Felidhoo Pharmacy,Felidhoo Vaavu Atoll,Not Available,Vaavu,https://www.google.com/maps/search/?api=1&query=STO+Felidhoo+Pharmacy+Maldives
STO Keyodhoo Pharmacy,Keyodhoo Vaavu Atoll,Not Available,Vaavu,https://www.google.com/maps/search/?api=1&query=STO+Keyodhoo+Pharmacy+Maldives
STO Rakeedhoo Pharmacy,Rakeedhoo Vaavu Atoll,Not Available,Vaavu,https://www.google.com/maps/search/?api=1&query=STO+Rakeedhoo+Pharmacy+Maldives
STO Mulah Pharmacy,Mulah Meemu Atoll,Not Available,Meemu,https://www.google.com/maps/search/?api=1&query=STO+Mulah+Pharmacy+Maldives
STO Muli Pharmacy,Muli Meemu Atoll,Not Available,Meemu,https://www.google.com/maps/search/?api=1&query=STO+Muli+Pharmacy+Maldives
STO Kolhufushi Pharmacy,Kolhufushi Meemu Atoll,Not Available,Meemu,https://www.google.com/maps/search/?api=1&query=STO+Kolhufushi+Pharmacy+Maldives
STO Dhiggaru Pharmacy,Dhiggaru Meemu Atoll,Not Available,Meemu,https://www.google.com/maps/search/?api=1&query=STO+Dhiggaru+Pharmacy+Maldives
STO Raiymandhoo Pharmacy,Raiymandhoo Meemu Atoll,Not Available,Meemu,https://www.google.com/maps/search/?api=1&query=STO+Raiymandhoo+Pharmacy+Maldives
STO Veyvah Pharmacy,Veyvah Meemu Atoll,Not Available,Meemu,https://www.google.com/maps/search/?api=1&query=STO+Veyvah+Pharmacy+Maldives
STO Maduvvaree Pharmacy (Meemu),Maduvvaree Meemu Atoll,Not Available,Meemu,https://www.google.com/maps/search/?api=1&query=STO+Maduvvaree+Meemu+Pharmacy+Maldives
STO Thinadhoo Pharmacy (Gaafu Dhaalu),Thinadhoo Gaafu Dhaalu Atoll,Not Available,Gaafu Dhaalu,https://www.google.com/maps/search/?api=1&query=STO+Thinadhoo+Gaafu+Dhaalu+Pharmacy+Maldives
STO Kaadeddhoo Pharmacy,Kaadeddhoo Gaafu Dhaalu Atoll,Not Available,Gaafu Dhaalu,https://www.google.com/maps/search/?api=1&query=STO+Kaadeddhoo+Pharmacy+Maldives
STO Vaadhoo Pharmacy (Gaafu Dhaalu),Vaadhoo Gaafu Dhaalu Atoll,Not Available,Gaafu Dhaalu,https://www.google.com/maps/search/?api=1&query=STO+Vaadhoo+Gaafu+Dhaalu+Pharmacy+Maldives
STO Gemendhoo Pharmacy,Gemendhoo Gaafu Dhaalu Atoll,Not Available,Gaafu Dhaalu,https://www.google.com/maps/search/?api=1&query=STO+Gemendhoo+Pharmacy+Maldives
Life Support Pharmacy - IGMH,Indira Gandhi Memorial Hospital Male,+960 333-4545,Kaafu (Male),https://www.google.com/maps/search/?api=1&query=Life+Support+Pharmacy+IGMH+Male+Maldives
Point 2 Pharmacy,In front of IGMH Male,Not Available,Kaafu (Male),https://www.google.com/maps/search/?api=1&query=Point+2+Pharmacy+Male+Maldives
G.S.H Pharmacy,Male (Near ADK Pharmacy 2),Not Available,Kaafu (Male),https://www.google.com/maps/search/?api=1&query=GSH+Pharmacy+Male+Maldives
Pharmacy Plus,M. Yardly Dhekunubai Kanba Asarani Higun Male,Not Available,Kaafu (Male),https://www.google.com/maps/search/?api=1&query=Pharmacy+Plus+Male+Maldives
MedPlus Maldives,Maafannu Dhilaasaa Villa 02 Fareedhee Magu Male,+960 332-2244,Kaafu (Male),https://www.google.com/maps/search/?api=1&query=MedPlus+Maldives+Male
Point 4 Pharmacy,Majeedhi Magu Henveiru Male,+960 331-6789,Kaafu (Male),https://www.google.com/maps/search/?api=1&query=Point+4+Pharmacy+Male+Maldives
Point Three Pharmacy,Sosun Magu Malé,+960 331-8600,Kaafu (Male),https://www.google.com/maps/search/?api=1&query=Point+Three+Pharmacy+Sosun+Magu+Male
